Scene,Time,Resource Needed,Type,Suggested Source,Search / Creation Prompt,Resolution,Notes
01,0:00–0:08,Family using devices at home,Real stock video,Pexels / other licensed stock,happy family using tablet at home; parents children technology; family digital lifestyle,4K preferred,Opening should feel warm and natural
02,0:08–0:17,Thoughtful parent checking child device,Real stock video/photo,Pexels / other licensed stock,parent looking at child's tablet; mother child technology home,4K preferred,"Thoughtful, not fearful"
03,0:17–0:25,eGuard logo + dashboard,Product UI,Create internally,eGuard dashboard high-resolution render,4K/6K render,Primary product reveal
04,0:25–0:35,Setup wizard,Product UI,Create internally,add child; connect device; protection profile,4K/6K render,Show clear progression
05,0:35–0:45,Guided setup settings,Product UI,Create internally,screen time; apps; bedtime; web protection; location,4K/6K render,Show Automatic/Guided/Verification-only accurately
06,0:45–0:57,Configuration Health scan,Product UI animation,Create internally,configuration health; protection health; device scan,4K/6K render,Hero feature of commercial
07,0:57–1:07,Parent family dashboard,Product UI,Create internally,family protection; children; devices; alerts,4K/6K render,Use consistent dashboard
08,1:07–1:16,Phone/tablet/PC/browser ecosystem,Product render,Create internally,premium devices eGuard ecosystem,4K/6K render,"Photorealistic, not cartoon"
09,1:16–1:24,Protection alert,Product UI + phone,Create internally,mobile alert; web protection needs attention,4K/6K render,Problem → review → solution
10,1:24–1:32,Happy family together,Real stock video/photo,Pexels / other licensed stock,family laughing living room; family evening; family outdoors,4K preferred,Device should become secondary
11,1:32–1:38,eGuard brand outro,Brand graphics,Create internally,eguard shield animation; blue gradient,4K/6K render,Clean and minimal
12,1:38–1:45,CTA with product screens,Product composite,Create internally,dashboard + phone mockup + app badges,4K/6K render,Get Started Free
